conceptType,conceptUri,preferredLabel,status,altLabels,description,broaderConceptUri,broaderConceptPT
Occupation,http://data.europa.eu/esco/occupation/01ffb917-98dc-48c1-91ad-93c4104e791d,مهندس طب حيوي / مهندسة طب حيوي,released,,يجمع مهندسو الطب الحيوي المعرفة بالمبادئ الهندسية والنتائج البيولوجية لتطوير العلاجات الطبية والأدوية وأغراض الرعاية الصحية العامة. يمكنهم تطوير حلول تتراوح من تحسين المكونات في الأدوية التقليدية حتى تطورات عمليات الزرع ومعالجة الأنسجة.,http://data.europa.eu/esco/occupation/f9433fdb-dde1-46cf-9e91-b49d243946a7,مهندس بيولوجي / مهندسة بيولوجية
Occupation,http://data.europa.eu/esco/occupation/0611f232-b30e-46c7-9c26-2d59b1448e79,أخصائي في علم الإجرام / أخصائية في علم الإجرام,released,,يدرس الأخصائيون في علم الإجرام الحالات المتعلقة بالبشر مثل الجوانب الاجتماعية والنفسية التي قد تؤدي إلى ارتكاب أفعال جنائية. كما يلاحظون ويحللون العوامل المختلفة التي تتراوح بين الظروف السلوكية وحتى الخلفية الاجتماعية وبيئة المشتبه بهم من أجل تقديم المشورة للمؤسسات بشأن منع الجريمة.,http://data.europa.eu/esco/isco/C2632,
Occupation,http://data.europa.eu/esco/occupation/0959cd1d-f6c8-4362-939a-ad7d5f75d659,محاضر اقتصادي / محاضرة اقتصادية,released,,المحاضرون الاقتصاديون هم الأساتذة المتخصصون والأساتذة المساعدون والمعلمون والمحاضرون والمحاضرون المساعدون والموجهون الذين يوجهون الطلاب في مجال تخصصهم الخاص في الدراسة، الاقتصاد. فهم يطورون المناهج الدراسية، ويُعِّدون الفصول الدراسية (المحاضرات، والفصول الدراسية العملية، والندوات، والتدريبات وما إلى ذلك)، ويراقبون نتائج التعلم، ويشرفون على مسار دراسة الطلاب. وهم يقومون بإجراء أبحاث أكاديمية في مجال الاقتصاد ويُقدِّمون نتائجهم في المؤتمرات وفي المنشورات. وهم يشاركون في بعض وظائف إدارة الجامعات.,http://data.europa.eu/esco/occupation/684fd8d5-9b40-4b02-a680-438f0082d923,محاضر التعليم العالي / محاضرة التعليم العالي
Occupation,http://data.europa.eu/esco/occupation/0bf5d25a-2b4d-43b5-b053-beeb210fa43a,محاضر طبي / محاضرة طبية,released,,المحاضرون الطبيون هم الأساتذة المتخصصون أو المعلمون أو المحاضرون، وغالبًا ما يكونون الأطباء الذين يوجهون الطلاب الذين حصلوا على شهادة التعليم الثانوي العليا في مجال دراستهم المتخصصة، الطب، والذي يغلب عليه الطابع الأكاديمي. وهم يعملون مع مساعدي الأبحاث الجامعية ومساعدي التعليم الجامعي لإعداد المحاضرات والاختبارات، وتصحيح الأبحاث والاختبارات، وإجراء الممارسات المختبرية، وإجراء جلسات للمراجعة والملاحظات للطلاب. كما يقومون بإجراء أبحاث أكاديمية في مجالهم الطبي التخصصي، ونشر نتائجهم والتواصل مع الزملاء الآخرين في الجامعات.,http://data.europa.eu/esco/occupation/684fd8d5-9b40-4b02-a680-438f0082d923,محاضر التعليم العالي / محاضرة التعليم العالي
Occupation,http://data.europa.eu/esco/occupation/0c7c9606-fde3-4658-8136-8fe0c9b8bd09,مهندس الأجهزة الطبية / مهندسة الأجهزة الطبية,released,,يتولى مهندسو الأجهزة الطبية تصميم وتطوير الأنظمة التقنية الطبية والتركيبات والمعدات مثل أجهزة تنظيم ضربات القلب وأجهزة التصوير بالرنين المغناطيسي وأجهزة التصوير بالأشعة السينية. وهم يراقبون عملية التصنيع بالكامل من تصميم المفاهيم إلى تنفيذ المنتج. وتتضمن الأنشطة التي يتم تنفيذها، من بين أمور أخرى، تصميم تحسينات المنتج، وتطوير الطرق والأساليب لتقييم مدى ملاءمة التصميم، وتنسيق الإنتاج الأولي، وتطوير إجراءات الاختبار، وتصميم مخططات التصنيع.,http://data.europa.eu/esco/occupation/4d34a9ee-2653-4da0-bef7-f59294577224,مهندس إلكترونيات / مهندسة إلكترونيات
Occupation,http://data.europa.eu/esco/occupation/0cd729a6-ed11-4338-ac4b-d4b924390128,مؤرخ / مؤرخة,released,,يقوم المؤرخون بالبحث في ماضي المجتمعات البشرية وتحليلها وتفسيرها وتقديمها. كما يقومون بتحليل المستندات والمصادر وتتبعها من الماضي لفهم المجتمعات السابقة.,http://data.europa.eu/esco/isco/C2633,
Occupation,http://data.europa.eu/esco/occupation/0d93706d-32fd-4de3-aa08-be1003e325da,عالم كيميائي / عالمة كيميائية,released,,يقوم العلماء الكيميائيون بإجراء الأبحاث المعملية من خلال اختبار البنية الكيميائية للمواد وتحليلها. وينقلون نتائج البحث إلى عمليات إنتاج صناعية تُستخدم بشكل أكبر في تطوير المنتجات أو تحسينها. يفحص العلماء الكيميائيون أيضًا جودة المنتجات المصنعة وتأثيرها البيئي.,http://data.europa.eu/esco/isco/C2113,
Occupation,http://data.europa.eu/esco/occupation/10291962-c0c7-4e5b-a7ed-0762b4d9b010,أخصائي في علم الأدوية / أخصائية في علم الأدوية,released,,يدرس الأخصائيون في علم الأدوية الطريقة التي تتفاعل بها العقاقير والأدوية مع الكائنات الحية والأنظمة الحية وأجزائها (أي الخلايا والأنسجة والأعضاء). وتهدف أبحاثهم إلى تحديد المواد التي يمكن للبشر تناولها والتي تُمارس وظائف كيميائية حيوية كافية لعلاج الأمراض.,http://data.europa.eu/esco/isco/C2131,
Occupation,http://data.europa.eu/esco/occupation/116b4c55-5bd0-41e9-9227-98d7ecffeaf6,محاضر علم الاجتماع / محاضرة علم الاجتماع,released,,محاضرو علم الاجتماع هم أساتذة متخصصون أو معلمون أو محاضرون يقومون بتوجيه الطلاب الذين حصلوا على شهادة التعليم الثانوي العليا في مجال دراستهم المتخصص، علم الاجتماع، والذي يكون في الغالب أكاديميًا في طبيعته. ويعملون مع مساعدي الأبحاث الجامعية ومساعدي التدريس الجامعي لإعداد المحاضرات والاختبارات وتصحيح الأبحاث والاختبارات وعقد جلسات للمراجعة والملاحظات للطلاب. كما يقومون بإجراء أبحاث أكاديمية في مجالهم التخصصي علم الاجتماع، ونشر نتائجهم والتواصل مع الزملاء الآخرين في الجامعات.,http://data.europa.eu/esco/occupation/684fd8d5-9b40-4b02-a680-438f0082d923,محاضر التعليم العالي / محاضرة التعليم العالي
Occupation,http://data.europa.eu/esco/occupation/11a6d0f6-e692-4774-aa5f-193b67d31022,عالم حركة الجسم / عالمة حركة الجسم,released,,يقوم علماء حركة الجسم بدراسة حركة الجسم ويقومون بإجراء أبحاث عنها وعن عضلات الجسم وأجزائه. ويقومون بتحليل البيانات والأساليب العلمية واستخدامها لتحسين حركة الجسم، بشكل عام لدى البشر، من خلال فهم هذه المجالات مثل علم وظائف الأعضاء وعلم الحركة وعلم الأعصاب وعلم الأحياء. وهم يُدركون التأثيرات التي تؤثر على بعض العوامل، مثل حالة الجسم والحركة، ويضعون حلولاً لتحسين الميكانيكا الكلية والحركة.,http://data.europa.eu/esco/isco/C2269,
Occupation,http://data.europa.eu/esco/occupation/11b6390b-1e48-4903-a5df-d3e04b451a19,عالم في كيمائيات مستحضرات التجميل / عالمة في كيمائيات مستحضرات التجميل,released,,يطور العلماء في كيمائيات مستحضرات التجميل التركيبات من أجل ابتكار منتجات التجميل الجديدة واختبارها وتحسين منتجات التجميل الحالية مثل العطور والروائح المعطرة، وأحمر الشفاه والكريمات المقاومة للماء والمكياج المقاوم للماء وصبغة الشعر، والصابون والمنظفات بخصائص خاصة أو أدوية موضعية أو مكملات صحية.,http://data.europa.eu/esco/occupation/0d93706d-32fd-4de3-aa08-be1003e325da,عالم كيميائي / عالمة كيميائية
Occupation,http://data.europa.eu/esco/occupation/11d72bd6-779a-4643-9962-313833740094,عالم بيئي / عالمة بيئية,released,,يحدد علماء البيئة المشكلات ويجدون الحلول لها من أجل تقليل المخاطر البيئية من خلال إجراء تحليل على العينات مثل الهواء أو الماء أو التربة. وهم يقدمون المشورة بشأن السياسات البيئية أو يضعونها ويهدفون إلى تحسين الحفاظ على إمدادات المياه وإدارة مواقع التخلص من النفايات. يقوم علماء البيئة بإجراء تقييمات للمخاطر البيئية وتحليل الأثر البيئي للحلول الجديدة أو مواقع الإنشاء أو التغيرات البيئية التي تضمن اتباع اللوائح البيئية.,http://data.europa.eu/esco/isco/C2133,
Occupation,http://data.europa.eu/esco/occupation/11df8941-508c-4103-ad40-52cdf9430a59,أخصائي بعلم الاجتماع / أخصائية بعلم الاجتماع,released,,يُركّز علماء الاجتماع أبحاثهم على شرح السلوك الاجتماعي وطريقة تنظيم الناس لأنفسهم كمجتمع. حيث يبحثون ويشرحون الطريقة التي تطورت بها المجتمعات من خلال وصف أنظمتهم القانونية والسياسية والاقتصادية وتعبيراتهم الثقافية.,http://data.europa.eu/esco/isco/C2632,
Occupation,http://data.europa.eu/esco/occupation/1738173e-ef9c-4222-88c8-b6aa9bad3cf7,أخصائي في الفيزياء الحيوية / أخصائية في الفيزياء الحيوية,released,,يدرس الأخصائيون في الفيزياء الحيوية العلاقة القائمة بين الكائنات الحية والفيزياء. ويقومون بإجراء الأبحاث على الكائنات الحية بناءً على طرق الفيزياء التي تهدف إلى شرح مدى تعقيد الحياة والتنبؤ بالنماذج واستنتاجات حول جوانب الحياة. تشمل أبحاث الأخصائيين في الفيزياء الحيوية الحمض النووي والبروتينات والجزيئات والخلايا والبيئات.,http://data.europa.eu/esco/occupation/eee68e13-8248-43bb-a9fb-959832a6c217,عالم أحياء / عالمة أحياء
Occupation,http://data.europa.eu/esco/occupation/19db5ad1-ffbf-41a0-8746-d3878f0d5dbd,عالم في وسائل الإعلام / عالمة في وسائل الإعلام,released,,يبحث علماء وسائل الإعلام دور وسائل الإعلام وتأثيرها على المجتمع. ويلاحظون ويوثقون استخدام أنواع مختلفة من وسائل الإعلام مثل الصحف والإذاعة والتلفزيون والاستجابة من المجتمع.,http://data.europa.eu/esco/occupation/acf69cab-8629-45c8-ae10-c8fb15f474b6,عالم بالأنثروبولوجيا / عالمة بالأنثروبولوجيا
Occupation,http://data.europa.eu/esco/occupation/1bbaf82c-67ae-4beb-9a55-7298acf5b2af,محاضر تمريض / محاضرة تمريض,released,,محاضرو التمريض هم الأساتذة المتخصصون أو المعلمون أو المحاضرون، وغالبًا الأطباء الذين يوجهون الطلاب الذين حصلوا على شهادة التعليم الثانوي العليا في مجال دراستهم المتخصص، التمريض، والذي يغلب عليه الطابع الأكاديمي. وهم يعملون مع مساعدي الأبحاث الجامعية ومساعدي التعليم الجامعي لإعداد المحاضرات والاختبارات، وتصحيح الأبحاث والاختبارات، وإجراء الممارسات المختبرية، وإجراء جلسات للمراجعة والملاحظات للطلاب. كما يقومون بإجراء أبحاث أكاديمية في مجال التمريض التخصصي، ونشر نتائجهم والتواصل مع الزملاء الآخرين في الجامعات.,http://data.europa.eu/esco/occupation/684fd8d5-9b40-4b02-a680-438f0082d923,محاضر التعليم العالي / محاضرة التعليم العالي
Occupation,http://data.europa.eu/esco/occupation/1c862e14-80f8-4aa8-8f1c-fd2ca95b63ad,عالم الأرصاد الجوية / عالمة الأرصاد الجوية,released,,يقوم علماء الأرصاد الجوية بدراسة عمليات المناخ وقياس أنماط الطقس والتنبؤ بها وتقديم خدمات استشارية لمجموعة متنوعة من مستخدمي معلومات الطقس. وهم يعملون على وضع نماذج للتنبؤ بالطقس، وتطوير الأدوات لجمع البيانات الأرصاد الجوية وجمع الإحصاءات وقواعد البيانات.,http://data.europa.eu/esco/isco/C2112,
Occupation,http://data.europa.eu/esco/occupation/2026adb2-62d7-4b92-9ccb-105abdebe37d,مهندس كهرومغناطيسية / مهندسة كهرومغناطيسية,released,,يقوم المهندسون الكهرومغناطيسيون بتصميم وتطوير الأنظمة والأجهزة والمكونات الكهرومغناطيسية مثل المغناطيسات الكهربائية في مكبرات الصوت والأقفال الكهرومغناطيسية ومغناطيسات في التصوير بالرنين المغناطيسي والمغناطيسات في المحركات الكهربائية.,http://data.europa.eu/esco/occupation/86ca306c-ab99-420a-9e2a-aa73c5c4de22,مهندس كهرباء / مهندسة كهرباء
Occupation,http://data.europa.eu/esco/occupation/203ea2ee-bbee-4aaf-83d7-2f2225f916e3,عالم آثار / عالمة آثار,released,,يبحث علماء الآثار عن الحضارات والمستوطنات السابقة من خلال جمع وتفتيش المواد الباقية منها. ويقومون بعمليات التحليل والاستنتاج حول مجموعة كبيرة من المسائل مثل أنظمة التسلسل الهرمي، واللغويات، والثقافة، والسياسة استنادًا إلى دراسة الأجسام والهياكل والحفريات والعلافات والأدوات التي يخلفها هؤلاء الأشخاص. كما يستخدم علماء الآثار العديد من الطرق متعددة التخصصات مثل الطبقات والتصنيف والتحليل ثلاثي الأبعاد والرياضيات والنمذجة.,http://data.europa.eu/esco/isco/C2632,
Occupation,http://data.europa.eu/esco/occupation/25829508-63f3-41c3-affc-ddbb5c077930,أخصائي في علم الوظائف / أخصائية في علم الوظائف,released,,يدرس الأخصائيون في علم الوظائف الأبحاث وينفّذونها حول عمل الكائنات الحية المختلفة والأجزاء التي تتكون منها وتفاعلاتها. فهم يفهمون الأسلوب الذي تتفاعل به الأنظمة الحية مع عوامل مثل الأمراض والنشاط البدني والإجهاد، ويستخدمون تلك المعلومات لتطوير طرق وحلول لاكتشاف تأثير تلك المحفزات على الكائنات الحية.,http://data.europa.eu/esco/occupation/eee68e13-8248-43bb-a9fb-959832a6c217,عالم أحياء / عالمة أحياء
Occupation,http://data.europa.eu/esco/occupation/258e46f9-0075-4a2e-adae-1ff0477e0f30,عالم البيانات / عالمة البيانات,released,,يقوم علماء البيانات بالبحث عن مصادر البيانات الغنية وتفسيرها وإدارة كميات كبيرة من البيانات ودمج مصادر البيانات وضمان اتساق مجموعات البيانات والتمثيل المرئي للمساعدة في فهم البيانات. إذ يبنون النماذج الرياضية باستخدام البيانات ويقدمون استنتاجات ورؤى بيانات التواصل إلى المتخصصين والعلماء في فريقهم، وإذا لزم الأمر، إلى جمهور غير خبير، ويوصون بطرق لتطبيق البيانات.,http://data.europa.eu/esco/isco/C2511,
Occupation,http://data.europa.eu/esco/occupation/30058b71-fe16-45ea-a2b8-d5461c706372,محاضر أعمال / محاضرة أعمال,released,,محاضرو الأعمال هم الأساتذة المتخصصون أو المعلمون أو المحاضرون الذين يقومون بتوجيه الطلاب الذين حصلوا على شهادة التعليم الثانوي العليا في مجال دراستهم المتخصص، وهو الأعمال، والذي يكون في الغالب أكاديميًا في طبيعته. ويعملون مع مساعدي الأبحاث الجامعية ومساعدي التدريس الجامعي لإعداد المحاضرات والاختبارات وتصحيح الأبحاث والاختبارات وعقد جلسات للمراجعة والملاحظات للطلاب. كما يقومون بإجراء أبحاث أكاديمية في مجال تخصصهم وهو الأعمال ونشر نتائجهم والتواصل مع الزملاء الآخرين في الجامعات.,http://data.europa.eu/esco/occupation/684fd8d5-9b40-4b02-a680-438f0082d923,محاضر التعليم العالي / محاضرة التعليم العالي
Occupation,http://data.europa.eu/esco/occupation/306e9867-cf55-446f-88c6-8adad5369f8c,محاضر علوم الأرض / محاضرة علوم الأرض,released,,محاضرو علوم الأرض هم الأساتذة المتخصصون أو المعلمون أو المحاضرون الذين يقومون بتوجيه الطلاب الذين حصلوا على شهادة التعليم الثانوي العليا في مجال دراستهم المتخصص، وهو علوم الأرض، والذي يكون في الغالب أكاديميًا في طبيعته. وهم يعملون مع مساعدي الأبحاث الجامعية ومساعدي التدريس الجامعي لإعداد المحاضرات والفحوصات وتصحيح الأبحاث والفحوصات وعقد جلسات للمراجعة والملاحظات للطلاب. كما يقومون بإجراء أبحاث أكاديمية في مجالهم التخصصي علوم الأرض ونشر نتائجهم والتواصل مع الزملاء الآخرين في الجامعات.,http://data.europa.eu/esco/occupation/684fd8d5-9b40-4b02-a680-438f0082d923,محاضر التعليم العالي / محاضرة التعليم العالي
Occupation,http://data.europa.eu/esco/occupation/35d41f4f-334b-452e-9e31-99f376302493,مهندس ضوئي / مهندسة ضوئية,released,,يتولى المهندسون الضوئيون تصميم وتطوير الأنظمة والأجهزة الضوئية، مثل أجهزة استشعار الأشعة فوق البنفسجية وأجهزة التصوير الفوتوغرافي ومصابيح LED. تجمع الهندسة الضوئية بين الهندسة البصرية والهندسة الإلكترونية في تصميم هذه الأنظمة والأجهزة. ويقومون بإجراء الأبحاث وإجراء التحليل واختبار الأجهزة والإشراف على الأبحاث.,http://data.europa.eu/esco/occupation/4d34a9ee-2653-4da0-bef7-f59294577224,مهندس إلكترونيات / مهندسة إلكترونيات
Occupation,http://data.europa.eu/esco/occupation/3af4d6be-90b5-41f6-be06-3330dab3df73,باحث في العمل الاجتماعي / باحثة في العمل الاجتماعي,released,,يتولى الباحثون في العمل الاجتماعي إدارة المشاريع البحثية التي تهدف إلى التحقيق في القضايا الاجتماعية وتقديم تقارير حولها. فيما يقومون أولاً بإجراء أبحاث عن طريق جمع المعلومات من خلال المقابلات ومجموعات التركيز والاستبيانات؛ يتبعها تنظيم المعلومات المجمعة وتحليلها باستخدام حزم برامج الكمبيوتر. كما يحللون المشكلات الاجتماعية والاحتياجات، والطرق والأساليب المختلفة للاستجابة لها.,http://data.europa.eu/esco/occupation/11df8941-508c-4103-ad40-52cdf9430a59,أخصائي بعلم الاجتماع / أخصائية بعلم الاجتماع
Occupation,http://data.europa.eu/esco/occupation/3c305542-a51b-4b96-8d45-af11ca05eaa2,محاضر طب بيطري / محاضرة طب بيطري,released,,محاضرو الطب البيطري هم الأساتذة المتخصصون أو المعلمون أو المحاضرون، وغالبًا الأطباء الذين يوجهون الطلاب الذين حصلوا على شهادة التعليم الثانوي العالي في مجال دراستهم المتخصص، الطب البيطري، والذي يغلب عليه الطابع الأكاديمي. وهم يعملون مع مساعدي الأبحاث الجامعية ومساعدي التعليم الجامعي لإعداد المحاضرات والاختبارات، وتصحيح الأبحاث والاختبارات، وإجراء الممارسات المختبرية، وإجراء جلسات للمراجعة والملاحظات للطلاب. كما يقومون بإجراء أبحاث أكاديمية في مجالهم التخصصي الطب البيطري، ونشر نتائجهم والتواصل مع الزملاء الآخرين في الجامعات.,http://data.europa.eu/esco/occupation/684fd8d5-9b40-4b02-a680-438f0082d923,محاضر التعليم العالي / محاضرة التعليم العالي
Occupation,http://data.europa.eu/esco/occupation/3d7a1284-824c-47d9-8387-b8e1cd5888b5,محاضر طب أسنان / محاضرة طب أسنان,released,,محاضرو طب الأسنان هم الأساتذة المتخصصون أو المعلمون أو المحاضرون، وغالبًا الأطباء الذين يقومون بتوجيه الطلاب الذين حصلوا على شهادة التعليم الثانوي العالي في مجال دراستهم المتخصص، طب الأسنان، والذي يغلب عليه الطابع الأكاديمي. وهم يعملون مع مساعدي الأبحاث الجامعية ومساعدي التعليم الجامعي لإعداد المحاضرات والاختبارات، وتصحيح الأبحاث والاختبارات، وإجراء الممارسات المختبرية، وإجراء جلسات للمراجعة والملاحظات للطلاب. كما يقومون بإجراء الأبحاث الأكاديمية في مجال طب الأسنان التخصصي، ونشر نتائجهم والتواصل مع الزملاء الآخرين في الجامعات.,http://data.europa.eu/esco/occupation/684fd8d5-9b40-4b02-a680-438f0082d923,محاضر التعليم العالي / محاضرة التعليم العالي
Occupation,http://data.europa.eu/esco/occupation/3dbd758c-6dc0-41fe-8248-2250c9bfa4ab,عالم المناخ / عالمة المناخ,released,,يدرس علماء المناخ متوسط التغير في الطقس والمناخ من منظور طويل المدى. ويبحثون ظروف الطقس المهمة ويحللونها من أجل التنبؤ بتوجهات ظروف الطقس مثل التغيرات في درجة الحرارة أو الاحتباس الحراري أو ظروف الطقس المتطورة الإقليمية. ويستخدمون هذه النتائج لتقديم المشورة بشأن السياسة البيئية والبناء والمشاريع الزراعية والقضايا المجتمعية.,http://data.europa.eu/esco/occupation/1c862e14-80f8-4aa8-8f1c-fd2ca95b63ad,عالم الأرصاد الجوية / عالمة الأرصاد الجوية
Occupation,http://data.europa.eu/esco/occupation/3f7b7ce5-94b6-4e0c-98e7-a4ee5a6accf4,إخصائي السموم / أخصائية السموم,released,,يدرس أخصائيو السموم تأثيرات المواد الكيميائية أو العوامل البيولوجية والفيزيائية على الكائنات الحية، على وجه التحديد، وعلى البيئة وعلى صحة الحيوان والإنسان. وهم يُحدّدون الجرعات من التعرض للمواد التي تنشأ عن تأثيرات سامة في البيئات والأشخاص والكائنات الحية، كما يقومون بإجراء التجارب على الحيوانات ومزارع الخلايا.,http://data.europa.eu/esco/occupation/eee68e13-8248-43bb-a9fb-959832a6c217,عالم أحياء / عالمة أحياء
Occupation,http://data.europa.eu/esco/occupation/441a5b76-2f51-4704-9df7-3b8e715dd3ad,عالم سلوكي / عالمة سلوكية,released,,يبحث العلماء السلوكيون في السلوك البشري في المجتمع ويلاحظونه ويصفونه. حيث يجرون استنتاجات حول الدوافع الكامنة وراء أفعال البشر، ويلاحظون الظروف المختلفة للعديد من السلوكيات، ويصفون مختلف الشخصيات. كما يقدمون المشورة للمنظمات والمؤسسات الحكومية في هذا المجال. وقد يعملون على تحليل سلوك الحيوانات.,http://data.europa.eu/esco/isco/C2632,
Occupation,http://data.europa.eu/esco/occupation/479ede81-bd51-4f3b-9d30-4910699fd211,محاضر صحافة / محاضرة صحافة,released,,محاضرو الصحافة ووسائل الإعلام هم الأساتذة المتخصصون أو المعلمون أو المحاضرون المتخصصون الذين يقومون بتوجيه الطلاب الذين حصلوا على شهادة التعليم الثانوي العليا في مجال الدراسة المتخصص، وهو الصحافة ووسائل الإعلام، والذي يكون في الغالب أكاديميًا في طبيعته. وهم يعملون مع مساعدي الأبحاث الجامعية ومساعدي التدريس الجامعي لإعداد المحاضرات والامتحانات وتصحيح الأبحاث والامتحانات وعقد جلسات للمراجعة والملاحظات للطلاب. كما يقومون بإجراء أبحاث أكاديمية في مجال الصحافة والإعلام التخصصي، ونشر نتائجهم والتواصل مع الزملاء الآخرين في الجامعات.,http://data.europa.eu/esco/occupation/684fd8d5-9b40-4b02-a680-438f0082d923,محاضر التعليم العالي / محاضرة التعليم العالي
Occupation,http://data.europa.eu/esco/occupation/49023c69-302f-4671-b26f-7229d1a53915,محاضر اتصالات / محاضرة اتصالات,released,,محاضرو الاتصالات هم الأساتذة المتخصصون أو المعلمون أو المحاضرون الذين يقومون بتوجيه الطلاب الذين حصلوا على شهادة التعليم الثانوي العليا في مجال دراستهم المتخصص، الاتصالات، والذي يكون في الغالب أكاديميًا في طبيعته. ويعملون مع مساعدي الأبحاث الجامعية ومساعدي التدريس الجامعي لإعداد المحاضرات والاختبارات وتصحيح الأبحاث والاختبارات وعقد جلسات للمراجعة والملاحظات للطلاب. كما يقومون بإجراء أبحاث أكاديمية في مجال تخصصهم وهو الاتصالات ونشر نتائجهم والتواصل مع الزملاء الآخرين في الجامعات.,http://data.europa.eu/esco/occupation/684fd8d5-9b40-4b02-a680-438f0082d923,محاضر التعليم العالي / محاضرة التعليم العالي
Occupation,http://data.europa.eu/esco/occupation/4b759f0e-8fec-4cf5-80d4-d112a9fd4e51,أخصائي علوم المحيطات,released,,"يتولى أخصائيو المحيطات دراسة وقيادة الأبحاث حول المواضيع ذات الصلة بالبحار والمحيطات. وتنقسم خبرة أخصائيو المحيطات إلى عدة فروع أبحاث مثل أخصائيو  المحيطات الفيزيائية الذين يركزون أبحاثهم على الأمواج وظاهرة المد والجزر، وأخصائيو المحيطات الكيميائية الذين يدرسون تكوين مياه البحار الكيميائي، وأخصائيو المحيطات الجيولوجية الذين يوجهون أبحاثهم إلى قاع البحار وما به من طبقات.
   ",http://data.europa.eu/esco/occupation/c6196b21-20f9-4608-83fb-6f143afc740d,أخصائي جيولوجي / أخصائية جيولوجية
Occupation,http://data.europa.eu/esco/occupation/4e8a5d3e-66de-4661-9927-ef3123cc79e9,محاضر عمارة / محاضر عمارة,released,,محاضرو العمارة هم أساتذة متخصصون أو معلمون أو محاضرون يقومون بتوجيه الطلاب الذين حصلوا على شهادة التعليم الثانوي العليا في مجال دراستهم المتخصص، العمارة، والذي يكون في الغالب أكاديميًا في طبيعته. وهم يعملون مع مساعدي الأبحاث الجامعية ومساعدي التدريس الجامعي لإعداد المحاضرات والامتحانات وتصحيح الأبحاث والامتحانات وعقد جلسات للمراجعة والملاحظات للطلاب. كما يقومون بإجراء أبحاث أكاديمية في مجال العمارة، ونشر نتائجهم، والتواصل مع الزملاء الآخرين في الجامعات.,http://data.europa.eu/esco/occupation/684fd8d5-9b40-4b02-a680-438f0082d923,محاضر التعليم العالي / محاضرة التعليم العالي
Occupation,http://data.europa.eu/esco/occupation/4f4d33a1-0b41-4dd9-8a42-aeba5a3974ab,مهندس الاستشعار / مهندسة استشعار,released,,يتولى مهندسو الاستشعار تصميم وتطوير أجهزة الاستشعار وأنظمة الاستشعار والمنتجات المزودة بأجهزة استشعار. فهم يخططون ويراقبون تصنيع هذه المنتجات.,http://data.europa.eu/esco/occupation/4d34a9ee-2653-4da0-bef7-f59294577224,مهندس إلكترونيات / مهندسة إلكترونيات
Occupation,http://data.europa.eu/esco/occupation/4f89b0d2-b666-4890-af01-25d1d60da1f3,عالم سياسي / عالمة سياسية,released,,يدرس العلماء السياسيون السلوك السياسي والنشاط والأنظمة، بما في ذلك العناصر الموجودة بها. وتتراوح دراستهم للمجال من أصول وتطور الأنظمة السياسية المختلفة إلى القضايا الراهنة مثل عمليات صنع القرار والسلوك السياسي والاتجاهات السياسية والمجتمع ومنظور السلطة. كما يقدمون المشورة للحكومات والمنظمات المؤسسية بشأن مسائل الحكم.,http://data.europa.eu/esco/isco/C2633,
Occupation,http://data.europa.eu/esco/occupation/52ded7d7-11df-42e3-b90a-d7f4b70fb4b9,طبيب نفسي / طبيبة نفسية,released,,يدرس علماء النفس السلوك والعمليات العقلية لدى البشر. ويقدمون خدمات للعملاء الذين يعانون من مشكلات الصحة العقلية ومشكلات الحياة مثل الفجيعة وصعوبات إقامة العلاقات والعنف الأسري والاعتداء الجنسي. كما أنهم يقدمون المشورة لمشكلات الصحة العقلية مثل اضطرابات الأكل واضطرابات ما بعد الصدمة والذهان من أجل مساعدة العملاء على إعادة التأهيل والوصول إلى سلوك صحي.,http://data.europa.eu/esco/isco/C2634,
Occupation,http://data.europa.eu/esco/occupation/55167849-82cf-484e-b818-fa702a4e69e9,أخصائي هيدرولوجي / أخصائية هيدرولوجية,released,,يبحث الأخصائيون الهيدرولوجيون الجودة والتحديات الحالية وتوزيع المياه في الأرض. ويدرسونها. ويقومون بدراسة إمدادات المياه من الأنهار والجداول والينابيع لتحديد استخدامها الكافي والمستدام. ويخططون مع فريق متعدد الوظائف من المتخصصين كيفية توفير المياه للمدن والمناطق الحضرية ويطورونها مع ضمان الكفاءة والحفاظ على الموارد.,http://data.europa.eu/esco/occupation/c6196b21-20f9-4608-83fb-6f143afc740d,أخصائي جيولوجي / أخصائية جيولوجية
Occupation,http://data.europa.eu/esco/occupation/557f9ccc-4e46-4bb2-8d20-272cd978b152,عالم بيطري,released,,العالم البيطري يطور ويبحث في نماذج الحيوانات، ويقارن البيولوجيا الأساسية بين الحيوانات، ويترجم نتائج البحث إلى مختلف الفصائل، بما فيها الإنسان.,http://data.europa.eu/esco/isco/C2250,
Occupation,http://data.europa.eu/esco/occupation/55a785db-0636-41b8-950f-0b65abe5e81b,محاضر صيدلة / محاضرة صيدلة,released,,محاضرو الصيدلة هم أساتذة متخصصون أو معلمون أو محاضرون يقومون بتوجيه الطلاب الذين حصلوا على شهادة التعليم الثانوي العليا في مجال دراستهم المتخصص، الصيدلة، والذي يكون في الغالب أكاديميًا في طبيعته. وهم يعملون مع مساعدي الأبحاث الجامعية ومساعدي التدريس الجامعي لإعداد المحاضرات والاختبارات وإجراء الممارسات المختبرية وتصحيح الأبحاث والاختبارات وعقد جلسات للمراجعة والملاحظات للطلاب. كما يقومون بإجراء أبحاث أكاديمية في مجال تخصصهم وهو الصيدلة ونشر نتائجهم والتواصل مع الزملاء الآخرين في الجامعات.,http://data.europa.eu/esco/occupation/684fd8d5-9b40-4b02-a680-438f0082d923,محاضر التعليم العالي / محاضرة التعليم العالي
Occupation,http://data.europa.eu/esco/occupation/574f3232-1d07-4034-8cac-c57ddbfff192,كيميائي تحليلي,released,,"مهمة الكيميائيين التحليليين تنصب على البحث ووصف تكوين المواد الكيميائي. كما أنهم يقدمون الخلاصات ذات الصلة بسلوك تلك المواد في الظروف المختلفة. ويلعب الكيميائيون التحليليون دورا هاما في البحث عن العلاقة بين الكيمياء والبيئة والغذاء والوقود والدواء. ويلجئون في ذلك إلى تقنيات شتى مثل الكروماتوغرافيا الكهربائية، والكروماتوغرافيا السائلة عالية الأداء ومنظار تحليل الطيف.
   ",http://data.europa.eu/esco/occupation/0d93706d-32fd-4de3-aa08-be1003e325da,عالم كيميائي / عالمة كيميائية
Occupation,http://data.europa.eu/esco/occupation/57a12047-4f1e-40ed-add5-9736923f231b,عالم الفلك / عالمة الفلك,released,,يبحث علماء الفلك في تكوين الأجرام السماوية والمادة بين النجوم وبناها وخصائصها وتطورها. ويستخدمون المعدات الأرضية والمعدات الفضائية لجمع البيانات عن المساحة لأغراض البحث.,http://data.europa.eu/esco/isco/C2111,
Occupation,http://data.europa.eu/esco/occupation/59a02420-91df-4e46-b37b-22e3fd8c11f0,محاضر فيزياء / محاضرة فيزياء,released,,محاضرو الفيزياء هم أساتذة متخصصون أو معلمون أو محاضرون يقومون بتوجيه الطلاب الذين حصلوا على شهادة التعليم الثانوي العليا في مجال دراستهم المتخصص، الفيزياء، والذي يكون في الغالب أكاديميًا في طبيعته. وهم يعملون مع مساعدي الأبحاث الجامعية ومساعدي التدريس الجامعي لإعداد المحاضرات والاختبارات وإجراء الممارسات المختبرية وتصحيح الأبحاث والاختبارات وعقد جلسات للمراجعة والملاحظات للطلاب. كما يقومون بإجراء أبحاث أكاديمية في مجال تخصصهم وهو الفيزياء ونشر نتائجهم والتواصل مع الزملاء الآخرين في الجامعات.,http://data.europa.eu/esco/occupation/684fd8d5-9b40-4b02-a680-438f0082d923,محاضر التعليم العالي / محاضرة التعليم العالي
Occupation,http://data.europa.eu/esco/occupation/5a282a39-5346-454a-b1ef-c1217c50e156,باحث تربوي / باحثة تربوية,released,,يُجري الباحث التربويون الأبحاث التعليمية في مجال التعليم. فهُم يسعون إلى توسيع نطاق المعرفة حول كيفية سير العمليات التعليمية والأنظمة التعليمية والأفراد (المعلمين والمتعلمين). ويتوقعون مجالات التحسين ويطورون خططًا لتنفيذ الابتكارات. ويقدمون المشورة للمشرعين وصانعي السياسات بشأن القضايا التعليمية ويساعدون في تخطيط السياسات التعليمية.,http://data.europa.eu/esco/isco/C2351,
Occupation,http://data.europa.eu/esco/occupation/5ac65daa-0896-4193-9f0e-8b00746b78a1,مساعد باحث جامعي / مساعدة باحث جامعي,released,,يقوم مساعدو الباحثين الجامعيين بإجراء الأبحاث الأكاديمية للجامعة أو الكلية التي يعملون فيها. وقد يساعدون أساتذة لديهم، المشرف عليهم، في أبحاثه أو يطورون أبحاثهم في المجال ذي الصلة بهذا الأستاذ.,http://data.europa.eu/esco/occupation/684fd8d5-9b40-4b02-a680-438f0082d923,محاضر التعليم العالي / محاضرة التعليم العالي
Occupation,http://data.europa.eu/esco/occupation/5fdfa822-c1ba-477e-87cc-3d742e59310d,محاضر بيولوجيا / محاضرة بيولوجيا,released,,محاضرو البيولوجيا هم أساتذة متخصصون أو معلمون أو محاضرون يقومون بتوجيه الطلاب الذين حصلوا على شهادة التعليم الثانوي العليا في مجال دراستهم المتخصص وهو علم الأحياء. وهم يعملون مع مساعدي الأبحاث الجامعية ومساعدي التدريس الجامعي لإعداد المحاضرات والاختبارات وإجراء الممارسات المختبرية وتصحيح الأبحاث والاختبارات وعقد جلسات للمراجعة والملاحظات للطلاب. كما يقومون بإجراء أبحاث أكاديمية في مجال تخصصهم وهو علم الأحياء ونشر نتائجهم والتواصل مع الزملاء الآخرين في الجامعات.,http://data.europa.eu/esco/occupation/684fd8d5-9b40-4b02-a680-438f0082d923,محاضر التعليم العالي / محاضرة التعليم العالي
Occupation,http://data.europa.eu/esco/occupation/605e58d6-ad27-4828-b1f5-16707f327fa0,محاضر دراسات تعليمية / محاضرة دراسات تعليمية,released,,محاضرو الدراسات التعليمية هم أساتذة متخصصون أو معلمون أو محاضرون يقومون بتعليم الطلاب الذين حصلوا على شهادة التعليم الثانوي العليا في مجال دراستهم المتخصص، الدراسات التعليمية، حتى يصبحوا معلمين. ويعملون مع مساعدي الأبحاث الجامعية ومساعدي التدريس الجامعي لإعداد المحاضرات والاختبارات وتصحيح الأبحاث والاختبارات وعقد جلسات للمراجعة والملاحظات للطلاب.,http://data.europa.eu/esco/occupation/684fd8d5-9b40-4b02-a680-438f0082d923,محاضر التعليم العالي / محاضرة التعليم العالي
Occupation,http://data.europa.eu/esco/occupation/6140be85-2d45-44b2-b0ba-412aadcead1e,أخصائي وراثة / أخصائية وراثة,released,,يدرس أخصائيو الوراثة أبحاثهم ويركزون على علم الوراثة. وهم يحللون الطريقة التي تتفاعل فيها الجينات، وتعمل، وتوّرث الصفات والخصائص. واستنادًا إلى أبحاثهم، يحضرون المرضى الذين يعانون من أمراض وحالات وراثية وتشوهات خلقية ومشكلات وراثية بشكل عام.,http://data.europa.eu/esco/occupation/eee68e13-8248-43bb-a9fb-959832a6c217,عالم أحياء / عالمة أحياء
Occupation,http://data.europa.eu/esco/occupation/66527cdc-b7a5-4996-9448-7e327b68d08d,محاضر دراسات فنية / محاضرة دراسات فنية,released,,محاضرو الدراسات الفنية هم أساتذة متخصصون أو معلمون أو محاضرون يقومون بتعليم الطلاب الذين حصلوا على شهادة التعليم الثانوي العليا في مجال دراستهم المتخصص، الدراسات الفنية، والذي يكون في الغالب أكاديميًا في طبيعته. ويعملون مع مساعدي الأبحاث الجامعية ومساعدي التدريس الجامعي لإعداد المحاضرات والاختبارات وتصحيح الأبحاث والاختبارات وعقد جلسات للمراجعة والملاحظات للطلاب. كما يقومون بإجراء أبحاث أكاديمية في مجال تخصصهم وهو الدراسات الفنية ونشر نتائجهم والتواصل مع الزملاء الآخرين في الجامعات.,http://data.europa.eu/esco/occupation/684fd8d5-9b40-4b02-a680-438f0082d923,محاضر التعليم العالي / محاضرة التعليم العالي
Occupation,http://data.europa.eu/esco/occupation/684fd8d5-9b40-4b02-a680-438f0082d923,محاضر التعليم العالي / محاضرة التعليم العالي,released,,يتولى محاضرو التعليم العالي تعليم الطلاب الذين حصلوا على شهادة التعليم الثانوي العليا في مجال دراستهم المتخصص، والذي يكون في الغالب أكاديميًا في طبيعته. وقد يكون لديهم مسميات وظيفية مثل المحاضر الأول أو البروفيسور. وهم يعملون مع مساعدي التدريس ومساعدي الأبحاث لديهم لإعداد المحاضرات والاختبارات وتصحيح الأبحاث والاختبارات وإجراء الممارسات المختبرية وعقد جلسات للمراجعة والملاحظات للطلاب. كما يقومون بإجراء الأبحاث الأكاديمية في مجال عملهم، ونشر نتائجهم والتواصل مع زملائهم الأكاديميين.,http://data.europa.eu/esco/isco/C2310,
Occupation,http://data.europa.eu/esco/occupation/68d973df-bf10-4bf7-9a1b-fbd9f604b9db,عالم في المعلوماتية الحيوية / عالمة في المعلوماتية الحيوية,released,,يقوم العلماء في المعلوماتية الحيوية بتحليل العمليات البيولوجية باستخدام برامج الكمبيوتر. فهم يحافظون أو يقومون بإنشاء قواعد بيانات تحتوي على معلومات بيولوجية. يجمع العلماء في المعلوماتية الحيوية البيانات البيولوجية ويحللونها وقد يساعد العلماء في مجالات مختلفة، بما في ذلك التكنولوجيا الحيوية والأدوية الصيدلانية. ويقومون بإجراء أبحاث علمية وتحليلات إحصائية، والإبلاغ عن نتائجهم. يمكن للعلماء في المعلوماتية الحيوية أيضًا جمع عينات الحمض النووي، واكتشاف أنماط البيانات وإجراء الأبحاث الجينية.,http://data.europa.eu/esco/isco/C2131,
Occupation,http://data.europa.eu/esco/occupation/68f4fdd9-182c-4c0d-a73d-f767b8a8355e,عالم أحياء مائية / عالمة أحياء مائية,released,,يطبق علماء الأحياء المائية المعرفة المكتسبة من الأبحاث حول الحيوانات المائية والحياة النباتية وتفاعلاتها مع بعضها البعض والبيئة، من أجل تحسين إنتاج الاستزراع المائي، والوقاية من المشكلات الصحية والحيوانية، وتوفير الحلول اللازمة إذا لزم الأمر.,http://data.europa.eu/esco/occupation/eee68e13-8248-43bb-a9fb-959832a6c217,عالم أحياء / عالمة أحياء
Occupation,http://data.europa.eu/esco/occupation/6cd08cbe-7611-4d70-8886-6c59c0385442,عالم الاتصالات / عالمة اتصالات,released,,يبحث علماء الاتصالات في الجوانب المختلفة للمعلومات، وجمعها، وإنشائها، وتنظيمها، والحفاظ عليها، واستخدامها، وتقييمها، وتبادل المعلومات من خلال التواصل الشفهي أو غير الشفهي. ويدرسون التفاعلات بين المجموعات والأفراد مع التقنيات (الروبوتات).,http://data.europa.eu/esco/occupation/acf69cab-8629-45c8-ae10-c8fb15f474b6,عالم بالأنثروبولوجيا / عالمة بالأنثروبولوجيا
Occupation,http://data.europa.eu/esco/occupation/6d421d34-baa1-44f9-9ea0-231d76e325fd,باحث علمي ديني / باحثة علمية دينية,released,,يدرس الباحثون العلميون الدينيون المفاهيم المتعلقة بالأديان والمعتقدات والروحانية. إذ يطبقون المنطق العقلاني في السعي وراء الأخلاق والعظات من خلال دراسة الكتاب المقدس والدين والانضباط والقانون الخفي.,http://data.europa.eu/esco/isco/C2636,
Occupation,http://data.europa.eu/esco/occupation/6df6c5cb-c1a2-42c8-acd0-1ee5563c36c1,عالم في الكيمياء الحيوية / عالمة في الكيمياء الحيوية,released,,يقوم العلماء في الكيمياء الحيوية بدراسة التفاعلات الناجمة عن المواد الكيميائية في الكائنات الحية وإجراء الأبحاث عليها. ويشمل ذلك إجراء أبحاث لتطوير أو تحسين المنتجات القائمة على المواد الكيميائية (مثل الأدوية) التي تهدف إلى تحسين صحة الكائنات الحية وفهم تفاعلها بشكل أفضل.,http://data.europa.eu/esco/occupation/eee68e13-8248-43bb-a9fb-959832a6c217,عالم أحياء / عالمة أحياء
Occupation,http://data.europa.eu/esco/occupation/6e92d4b5-3167-4166-802f-da7753951a31,مستشار بحوث تكنولوجيا المعلومات والاتصالات / مستشارة بحوث تكنولوجيا المعلومات والاتصالات,released,,يقوم مستشارو بحوث تكنولوجيا المعلومات والاتصالات بإجراء أبحاث موجهة لتكنولوجيا المعلومات والاتصالات وتقديم تقرير نهائي للعميل. كما يستخدمون أدوات تكنولوجيا المعلومات والاتصالات لتصميم الاستبيانات المستخدمة في الدراسات الاستقصائية وتحليل النتائج وكتابة التقارير وتقديم النتائج وتقديم التوصيات استنادًا إلى نتائج البحث.,http://data.europa.eu/esco/isco/C2511,
Occupation,http://data.europa.eu/esco/occupation/71f09c8b-a172-408c-b9e7-32e580e39ff6,طبيب عام / طبيبة عامة,released,,يعمل الأطباء العموميون على تعزيز الصحة والوقاية من الأمراض وتحديدها وتشخيصها وعلاجها وتشجيع التعافي من الأمراض الجسدية والعقلية والاضطرابات الصحية من جميع الأنواع لجميع الأشخاص بغض النظر عن أعمارهم أو جنسهم أو نوع المشكلة الصحية لديهم.,http://data.europa.eu/esco/isco/C2211,
Occupation,http://data.europa.eu/esco/occupation/72628f3a-fd49-499a-9741-870b0a1fcef2,عالم رياضيات / عالمة رياضيات,released,,يدرس علماء الرياضيات النظريات الرياضية القائمة ويعمّقونها من أجل توسيع المعرفة والبحث عن نماذج جديدة داخل المجال. ويمكنهم تطبيق هذه المعرفة على التحديات الموجودة في المشاريع الهندسية والعلمية لضمان أن القياسات والكميات والقوانين الرياضية تثبت إمكانية استمرارها.,http://data.europa.eu/esco/isco/C2120,
Occupation,http://data.europa.eu/esco/occupation/73ceb2f9-18e3-4cfe-9c06-e9fb31ece440,مدير البحث والتطوير / مديرة البحث والتطوير,released,,يتولى مديرو البحث والتطوير تنسيق جهود العلماء والباحثين الأكاديميين ومطوري المنتجات والباحثين المتخصصين في السوق تجاه ابتكار منتجات جديدة، وتحسين المنتجات الحالية أو الأنشطة البحثية الأخرى، بما في ذلك الأبحاث العلمية. فهم يقومون بإدارة أنشطة البحث والتطوير الخاصة بالمؤسسة وتخطيطها، وتحديد الأهداف ومتطلبات الميزانية وإدارة الموظفين.,http://data.europa.eu/esco/isco/C1223,
Occupation,http://data.europa.eu/esco/occupation/778c1d37-69f2-4184-ac98-03b7dbfba332,مهندس ضوئيات / مهندسة ضوئيات,released,,يُعنى مهندسو الضوئيات بتوليد الضوء ونقله وتحوله وكشفه. حيث يقومون بإجراء أبحاث وتصميم وتجميع واختبار ونشر المكونات أو الأنظمة الضوئية في مجالات تطبيقات متعددة، من الاتصالات البصرية إلى الأجهزة الطبية، أو معالجة المواد أو تقنية الاستشعار.,http://data.europa.eu/esco/occupation/ab3c4d3e-3189-47ad-82af-57cdae3cb589,مهندس بصري / مهندسة بصرية
Occupation,http://data.europa.eu/esco/occupation/77abfaec-a250-4765-95fa-6091e8da1bba,مهندس كهروميكانيكي / مهندسة كهروميكانيكية,released,,يتولى المهندسون الكهروميكانيكيون تصميم وتطوير المعدات والآلات التي تستخدم كلاً من التكنولوجيا الكهربائية والميكانيكية. ويقومون بإجراء عمليات صياغة المسودات وتجهيز الوثائق التي تتضمن تفاصيل طلبات المواد وعملية التجميع والمواصفات التقنية الأخرى. ويتولى المهندسون الميكانيكيون أيضًا اختبار النماذج الأولية وتقييمها. ويشرفون على عملية التصنيع.,http://data.europa.eu/esco/occupation/86ca306c-ab99-420a-9e2a-aa73c5c4de22,مهندس كهرباء / مهندسة كهرباء
Occupation,http://data.europa.eu/esco/occupation/7c132147-428b-4ea3-87e1-70f7abb691ce,صيدلاني / صيدلانية,released,,يقوم الصيادلة بإعداد وصفات الأدوية التي لا تحتاج إلى تذكرة طبية وصرفها وتوفيرها. فهم يُقدِّمون معلومات سريرية عن العقاقير، ويقومون بالإبلاغ عن ردود الفعل السلبية المشتبه بها، وتقديم الدعم الشخصي للمرضى. يقوم الصيادلة بتركيب الأدوية واختبارها في المختبرات وتخزينها والاحتفاظ بها وتوزيعها.,http://data.europa.eu/esco/isco/C2262,
Occupation,http://data.europa.eu/esco/occupation/7dea476a-dffe-4919-9ee2-fb222e283f41,محاضر علم النفس / محاضرة علم النفس,released,,محاضرو علم النفس هم أساتذة متخصصون أو معلمون أو محاضرون يقومون بتعليم الطلاب الذين حصلوا على شهادة التعليم الثانوي العليا في مجال دراستهم المتخصص، علم النفس، والذي يكون في الغالب أكاديميًا في طبيعته. وهم يعملون مع مساعدي الأبحاث الجامعية ومساعدي التدريس الجامعي لإعداد المحاضرات والامتحانات وتصحيح الأبحاث والامتحانات وعقد جلسات للمراجعة والملاحظات للطلاب. كما يقومون بإجراء أبحاث أكاديمية في مجالهم التخصصي وهو علم النفس، ونشر نتائجهم والتواصل مع الزملاء الآخرين في الجامعات.,http://data.europa.eu/esco/occupation/684fd8d5-9b40-4b02-a680-438f0082d923,محاضر التعليم العالي / محاضرة التعليم العالي
Occupation,http://data.europa.eu/esco/occupation/7f0fe7d3-54c6-41e9-88ba-9d4f0f1a46b4,مهندس نظم دقيقة / مهندسة نظم دقيقة,released,,يتولى مهندسو النظم الدقيقة إجراء أبحاث عن إنتاج الأنظمة الكهروميكانيكية الدقيقة (MEMS) وتصميمها وتطويرها والإشراف عليها، والتي يمكن دمجها في المنتجات الميكانيكية والبصرية والصوتية والإلكترونية.,http://data.europa.eu/esco/occupation/4d34a9ee-2653-4da0-bef7-f59294577224,مهندس إلكترونيات / مهندسة إلكترونيات
Occupation,http://data.europa.eu/esco/occupation/7f2761eb-4edc-48ad-9fbf-eed0a0db9a21,عالم فيزيائي / عالمة فيزيائية,released,,علماء الفيزياء علماء يدرسون الظواهر الفيزيائية. وهم يُركّزون بحثهم استنادًا إلى تخصصهم، والذي يمكن أن يتراوح من فيزياء الجسيمات الذرية إلى دراسة الظواهر في الكون. ويطبقون نتائجهم لتحسين المجتمع من خلال المساهمة في تطوير إمدادات الطاقة ومعالجة الأمراض وتطوير الألعاب والمعدات المتطورة واستخدام أغراض الاستخدام اليومي.,http://data.europa.eu/esco/isco/C2111,
Occupation,http://data.europa.eu/esco/occupation/82e37849-30ec-4461-a40e-263d4c984f88,عالم إحاثي / عالمة إحاثية,released,,يبحث العلماء الإحاثيون أشكال الحياة التي كانت موجودة في العصور القديمة لكوكب الأرض ويحللونها. وهم يسعون إلى تحديد المسار التطوري والتفاعل مع مناطق جيولوجية مختلفة لجميع أنواع الكائنات الحية، مثل النباتات، والحبوب، والأبواغ، واللافقاريات، والحيوانات الفقارية، والبشر، وآثار مثل آثار الأقدام والبيئة والمناخ.,http://data.europa.eu/esco/occupation/c6196b21-20f9-4608-83fb-6f143afc740d,أخصائي جيولوجي / أخصائية جيولوجية
Occupation,http://data.europa.eu/esco/occupation/86a0c9ab-c3fa-41a3-ad3e-d0083036b3d6,أخصائي بالمعادن / أخصائية معادن,released,,يدرس الأخصائيون بالمعادن تركيب الأرض وهيكلها والجوانب الفيزيائية الأخرى لها. وهم يحللون المعادن المختلفة ويستخدمون المعدات العلمية لتحديد هيكلها وخصائصها. ويركز عملهم غالبًا على تصنيف المعادن وتحديدها من خلال أخذ عينات وإجراء المزيد من الاختبارات والتحليل والفحوصات.,http://data.europa.eu/esco/isco/C2114,
Occupation,http://data.europa.eu/esco/occupation/89b87aa2-4008-4cc7-96f8-e2b5ffe59f28,عالم البيئة / عالمة البيئة,released,,يقوم علماء البيئة بإجراء تقييمات لصحة الكائنات الحية وتوزيعها، وهي الأشخاص والنباتات والحيوانات، والعلاقة بين الكائنات الحية وبيئتها. وعادة ما يكون لدى علماء البيئة مجال متخصص، مثل المياه العذبة والمياه البحرية والبرية والحيوانات والنباتات التي يقومون بإجراء أبحاث ومهام متعلقة بها. ,http://data.europa.eu/esco/isco/C2133,
Occupation,http://data.europa.eu/esco/occupation/8b128a08-606f-4bb1-806e-07e0ed98b40e,محاضر علوم الفضاء / محاضرة علوم الفضاء,released,,محاضرو علوم الفضاء هم الأساتذة المتخصصون أو المعلمون أو المحاضرون الذين يقومون بتوجيه الطلاب الذين حصلوا على شهادة التعليم الثانوي العليا في مجال دراستهم المتخصص، وهو علوم الفضاء، والذي يكون في الغالب أكاديميًا في طبيعته. ويعملون مع مساعدي الأبحاث الجامعية ومساعدي التدريس الجامعي لإعداد المحاضرات والاختبارات وتصحيح الأبحاث وعقد جلسات للمراجعة والملاحظات للطلاب. كما يقومون بإجراء أبحاث أكاديمية في مجالهم التخصصي علوم الفضاء ونشر نتائجهم والتواصل مع الزملاء الآخرين في الجامعات.,http://data.europa.eu/esco/occupation/684fd8d5-9b40-4b02-a680-438f0082d923,محاضر التعليم العالي / محاضرة التعليم العالي
Occupation,http://data.europa.eu/esco/occupation/8c0f59c9-9a47-42e7-8287-aab19df4e6ab,مهندس إلكترونيات دقيقة / مهندسة إلكترونيات دقيقة,released,,يتولى مهندسو الإلكترونيات الدقيقة تصميم الأجهزة والمكونات الإلكترونية الصغيرة مثل المعالجات الدقيقة والدوائر المتكاملة وتطويرها والإشراف على إنتاجها.,http://data.europa.eu/esco/occupation/4d34a9ee-2653-4da0-bef7-f59294577224,مهندس إلكترونيات / مهندسة إلكترونيات
Occupation,http://data.europa.eu/esco/occupation/920c22e1-10a1-4afa-86b3-c43da8488391,محاضر العمل الاجتماعي / محاضرة العمل الاجتماعي,released,,يُمارس محاضرو العمل الاجتماعي متخصصين أدوارًا مزدوجة، وهم يمارسون التخصص الأكاديمي الذي يقدم الخدمات الاجتماعية، مثل المشورة أو العلاج أو الدعم لأفراد أو مجموعات من الأشخاص، وعلى الجانب الآخر هم جزء من العالم الأكاديمي الذي يُقدّم التعليم المتخصص ويشاركون في إجراء الأبحاث وتطوير المعارف ويساهمون في الحلول المتعلقة بتلك المشكلات الاجتماعية المعقدة ونُهُج مبتكرة لتخفيف هذه المشكلات. إنهم يُعلِّمون معارف العمل الاجتماعي ومهاراته وقيمه لإعداد الطلاب للمشاركة في ممارسات عمل اجتماعية ذات كفاءة ثقافية مع سكان ومجتمعات متنوعين.,http://data.europa.eu/esco/occupation/684fd8d5-9b40-4b02-a680-438f0082d923,محاضر التعليم العالي / محاضرة التعليم العالي
Occupation,http://data.europa.eu/esco/occupation/92bb3d8c-8a9f-4cd7-80ec-247bbf173004,مهندس أجهزة الكمبيوتر / مهندسة أجهزة الكمبيوتر,released,,يتولى مهندسو أجهزة الكمبيوتر تصميم وتطوير أنظمة أجهزة الكمبيوتر ومكوناتها، مثل لوحات الدوائر وأجهزة المودم والطابعات. حيث يقومون بصياغة المخططات ورسومات التجميع، وتطوير النماذج الأولية واختبارها، والإشراف على عملية الإنتاج.,http://data.europa.eu/esco/occupation/4d34a9ee-2653-4da0-bef7-f59294577224,مهندس إلكترونيات / مهندسة إلكترونيات
Occupation,http://data.europa.eu/esco/occupation/9766cc19-5a64-4b3c-a741-71561285a419,محاضر الأنثروبولوجيا / محاضرة الأنثروبولوجيا,released,,محاضرو الأنثروبولوجيا هم أساتذة أو معلمون أو محاضرون متخصصون يقومون بتوجيه الطلاب الذين حصلوا على شهادة التعليم الثانوي العليا في مجال دراستهم المتخصص، علم الإنسان، والذي يكون في الغالب أكاديميًا في طبيعته. ويعملون مع مساعدي الأبحاث الجامعية ومساعدي التدريس الجامعي لإعداد المحاضرات والاختبارات وتصحيح الأبحاث والاختبارات وعقد جلسات للمراجعة والملاحظات للطلاب. كما يقومون بإجراء أبحاث أكاديمية في مجال تخصصهم وهو علم الإنسان ونشر نتائجهم والتواصل مع الزملاء الآخرين في الجامعات.,http://data.europa.eu/esco/occupation/684fd8d5-9b40-4b02-a680-438f0082d923,محاضر التعليم العالي / محاضرة التعليم العالي
Occupation,http://data.europa.eu/esco/occupation/9851c83c-5670-4da0-964a-1ef0e682e30b,باحث في علم التخدير / باحثة في علم التخدير,released,,يدرس الباحثون في علم الموت الموت والوفاة في مجموعة متنوعة من المجالات العلمية مثل علم النفس وعلم الاجتماع وعلم وظائف الأعضاء والأنثروبولوجيا. ويسهمون في نمو المعرفة حول جوانب الوفاة مثل الظواهر النفسية التي يصابون بها هم ومن حولهم.,http://data.europa.eu/esco/isco/C2632,
Occupation,http://data.europa.eu/esco/occupation/9905cc76-d48b-49b1-94ab-17becb30be1a,محاضر علوم الأغذية / محاضرة علوم الأغذية,released,,محاضرو علوم الأغذية هم أساتذة أو معلمون أو محاضرون متخصصون يقومون بتوجيه الطلاب الذين حصلوا على شهادة التعليم الثانوي العليا في مجال دراستهم المتخصص، وهو علوم الأغذية، والذي يكون في الغالب أكاديميًا في طبيعته. ويعملون مع مساعدي الأبحاث الجامعية ومساعدي التدريس الجامعي لإعداد المحاضرات والاختبارات وتصحيح الأبحاث والاختبارات وعقد جلسات للمراجعة والملاحظات للطلاب. كما يقومون بإجراء أبحاث أكاديمية في مجالهم التخصصي علوم الأغذية ونشر نتائجهم والتواصل مع الزملاء الآخرين في الجامعات.,http://data.europa.eu/esco/occupation/684fd8d5-9b40-4b02-a680-438f0082d923,محاضر التعليم العالي / محاضرة التعليم العالي
Occupation,http://data.europa.eu/esco/occupation/99492920-e5a5-4dba-9e5a-93193147198c,عالم الاقتصاد / عالمة اقتصاد,released,,يقوم علماء الاقتصاد بإجراء بحث وتطوير نظريات في مجال الاقتصاد، سواء في تحليل الاقتصاد الكلي أو الجزئي. فهم يقومون بدراسة الاتجاهات وتحليل البيانات الإحصائية، وإلى حد ما العمل مع النماذج الرياضية الاقتصادية من أجل تقديم المشورة للشركات والحكومات والمؤسسات ذات الصلة. ويقدمون المشورة بشأن جدوى المنتجات وتوقعات الاتجاهات والأسواق الناشئة وسياسات الضرائب وتوجهات المستهلكين.,http://data.europa.eu/esco/isco/C2631,
Occupation,http://data.europa.eu/esco/occupation/9a7e780a-b778-4a5a-b4eb-309d394d313d,محاضر الأدب الجامعي / محاضرة الأدب الجامعي,released,,محاضرو الأدب الجامعي هم أساتذة أو معلمون أو محاضرون متخصصون يقومون بتوجيه الطلاب الذين حصلوا على شهادة التعليم الثانوي العليا في مجال دراستهم المتخصص، وهو الأدب، والذي يكون في الغالب أكاديميًا في طبيعته. ويعملون مع مساعدي الأبحاث الجامعية ومساعدي التدريس الجامعي لإعداد المحاضرات والاختبارات وتصحيح الأبحاث والاختبارات وعقد جلسات للمراجعة والملاحظات للطلاب. كما يقومون بإجراء أبحاث أكاديمية في مجال الأدب التخصصي، ونشر نتائجهم والتواصل مع الزملاء الآخرين في الجامعات.,http://data.europa.eu/esco/occupation/684fd8d5-9b40-4b02-a680-438f0082d923,محاضر التعليم العالي / محاضرة التعليم العالي
Occupation,http://data.europa.eu/esco/occupation/9b889f07-c39c-464d-b9d9-b2daa650f9ac,طبيب متخصص / طبيبة متخصصة,released,,يعمل الأطباء المتخصصون على الوقاية من الأمراض وتشخيصها وعلاجها حسب تخصصهم الطبي أو الجراحي.,http://data.europa.eu/esco/isco/C2212,
Occupation,http://data.europa.eu/esco/occupation/a36c14e6-ed96-467d-8390-6f9cf47ac350,محاضر التاريخ / محاضرة التاريخ,released,,محاضرو التاريخ هم أساتذة أو معلمون أو محاضرون متخصصون يقومون بتعليم الطلاب الذين حصلوا على شهادة التعليم الثانوي العليا في مجال دراستهم المتخصص، التاريخ، والذي يكون في الغالب أكاديميًا في طبيعته. وهم يعملون مع مساعدي الأبحاث الجامعية ومساعدي التدريس الجامعي لإعداد المحاضرات والامتحانات وتصحيح الأبحاث والامتحانات وعقد جلسات للمراجعة والملاحظات للطلاب. كما يقومون بإجراء أبحاث أكاديمية في مجال التاريخ، ونشر نتائجهم، والتواصل مع الزملاء الآخرين في الجامعات.,http://data.europa.eu/esco/occupation/684fd8d5-9b40-4b02-a680-438f0082d923,محاضر التعليم العالي / محاضرة التعليم العالي
Occupation,http://data.europa.eu/esco/occupation/a63733fa-f7ff-4733-8961-1ec4eeaab00b,عالم المتحف / عالمة المتحف,released,,"علماء المتاحف ينفذون و/أو يديرون أمانة المتحف، والأعمال التحضيرية والكتابية في المتاحف العامة، وحدائق النباتات، وصالات عرض الأعمال الفنية، ومجموعات الفنون الجميلة، وحدائق الأسماك أو المناطق المشابهة. ويضطلعون بإدارة مجموعات المواد الطبيعية والتاريخية والأنثروبولوجية لأغراض تعليمية أو علمية أو جمالية.
    ",http://data.europa.eu/esco/isco/C2621,
Occupation,http://data.europa.eu/esco/occupation/a7a74a05-3dd0-46c6-99af-92df8042520c,عالم احياء دقيقة / عالمة أحياء دقيقة,released,,"اخْصَائِيُّو الماِيكروبيولوجيا يقومون بدراسة وبحث أشكال الحياة والخصائص وعمليات الأحياء الدقيقة. وهم يدرسون الأحياء الدقيقة مثل البكتيريا، والكائنات وحيدة الخلية أو الأوليات والفطر، إلخ... من أجل تشخيص ومحاربة آثار هذه الكائنات الدقيقة على الحيوانات، والبيئة وصناعة المواد الغذائية أو صناعة الرعاية الصحية.
    ",http://data.europa.eu/esco/occupation/eee68e13-8248-43bb-a9fb-959832a6c217,عالم أحياء / عالمة أحياء
Occupation,http://data.europa.eu/esco/occupation/a9c7a04d-807a-41b5-b441-87c73c73c9c5,لغوي / لغوية,released,,يدرس اللغويون اللغات علميًا. فهم يُتقنون اللغات ويمكنهم تفسيرها من حيث خصائصها النحوية والدلالية واللفظية. وهم يبحثون في تطور اللغة وطريقة استخدامها من قِبَل المجتمعات.,http://data.europa.eu/esco/isco/C2643,
Occupation,http://data.europa.eu/esco/occupation/ab360abd-32e2-4e03-967d-a10758efffa7,مهندس الميكاترونيكس / مهندسة الميكاترونيكس,released,,يقوم مهندسو الميكاترونيكس بتصميم أنظمة ذكية وتطويرها، مثل الأجهزة الروبوتية والأجهزة المنزلية الذكية والطائرات، وذلك من خلال الجمع بين التقنيات من الهندسة الميكانيكية والإلكترونية وهندسة الكمبيوتر وهندسة التحكم. وهم يقومون بإنشاء مخططات أو وثائق تصميم للأجزاء أو المجموعات أو المنتجات النهائية باستخدام البرامج، كما يقومون بالإشراف على المشروعات وإدارتها.,http://data.europa.eu/esco/occupation/579254cf-6d69-4889-9000-9c79dc568644,مهندس ميكانيكي / مهندسة ميكانيكية
Occupation,http://data.europa.eu/esco/occupation/ab3c4d3e-3189-47ad-82af-57cdae3cb589,مهندس بصري / مهندسة بصرية,released,,يقوم المهندسون البصريون بتصميم وتطوير تطبيقات صناعية مختلفة باستخدام البصريات. فلديهم معرفة بالضوء ومبادئ نقل الضوء والبصريات من أجل تصميم مواصفات هندسية للمعدات مثل المجاهر والعدسات والتلسكوبات والأجهزة البصرية الأخرى.,http://data.europa.eu/esco/isco/C2149,
Occupation,http://data.europa.eu/esco/occupation/ac8b3cd1-a127-4e6a-8208-5cfcf7111955,عالم إحصاء / عالمة إحصاء,released,,يقوم علماء الإحصاء بجمع المعلومات الكمية وتصنيفها، والأهم من ذلك، تحليل المعلومات الكمية القادمة من مجموعة متنوعة من المجالات. فهم يقومون بتفسير وتحليل الدراسات الإحصائية في مجالات مثل الصحة، والديموغرافيات، والتمويل، والأعمال، وما إلى ذلك، وتقديم المشورة استنادًا إلى الأنماط والتحليل الذي تم إجراؤه.,http://data.europa.eu/esco/isco/C2120,
Occupation,http://data.europa.eu/esco/occupation/acf69cab-8629-45c8-ae10-c8fb15f474b6,عالم بالأنثروبولوجيا / عالمة بالأنثروبولوجيا,released,,يبحث علماء الأنثروبولوجيا في جميع جوانب الحياة المتعلقة بالبشر. حيث إنهم يدرسون الحضارات المختلفة التي كانت موجودة طوال الوقت وطرق تنظيمها. ويحاولون تحليل الجوانب الفيزيائية والمجتمعية واللغوية والسياسية والاقتصادية والفلسفية والثقافية لشعوب مختلفة. ويكون الهدف من دراساتهم هو فهم ووصف ماضي البشرية وحل المشاكل المجتمعية الموضوعية. فهم يستكشفون وجهات نظر مختلفة مثل علم الأنثروبولوجيا الفلسفية.,http://data.europa.eu/esco/isco/C2632,
Occupation,http://data.europa.eu/esco/occupation/ae2c1bf4-669e-4fec-a7d7-698753699083,محاضر فلسفة / محاضرة فلسفة,released,,محاضرو الفلسفة هم أساتذة أو معلمون أو محاضرون متخصصون يقومون بتعليم الطلاب الذين حصلوا على شهادة التعليم الثانوي العليا في مجال دراستهم المتخصص، الفلسفة، والذي يكون في الغالب أكاديميًا في طبيعته. وهم يعملون مع مساعدي الأبحاث الجامعية ومساعدي التدريس الجامعي لإعداد المحاضرات والامتحانات وتصحيح الأبحاث والامتحانات وعقد جلسات للمراجعة والملاحظات للطلاب. كما يقومون بإجراء أبحاث أكاديمية في مجال الفلسفة، ونشر نتائجهم، والتواصل مع الزملاء الآخرين في الجامعات.,http://data.europa.eu/esco/occupation/684fd8d5-9b40-4b02-a680-438f0082d923,محاضر التعليم العالي / محاضرة التعليم العالي
Occupation,http://data.europa.eu/esco/occupation/ae8b19cc-8c6e-4a16-ada2-c15f97ded133,مهندس بصرية ميكانيكية / مهندسة بصرية ميكانيكية,released,,يقوم مهندسو البصرية الميكانيكية بتصميم وتطوير الأنظمة والأجهزة والمكونات البصرية الميكانيكية، مثل المرايا البصرية والحوامل البصرية. تجمع هندسة البصرية الميكانيكية الهندسة البصرية مع الهندسة الميكانيكية في تصميم هذه الأنظمة والأجهزة. ويقومون بإجراء الأبحاث وإجراء التحليل واختبار الأجهزة والإشراف على الأبحاث.,http://data.europa.eu/esco/occupation/579254cf-6d69-4889-9000-9c79dc568644,مهندس ميكانيكي / مهندسة ميكانيكية
Occupation,http://data.europa.eu/esco/occupation/b0f3f595-4965-4f13-ba5c-f6049b62469f,أخصائي الإحصاء الحيوي / أخصائية الإحصاء الحيوي,released,,يقوم أخصائيو الإحصاء الحيوي بالبحث في مجال القياسات الحيوية. فهم ينفّذون مشروعات بحثية إحصائية أو بيولوجية عن طريق قياس بصمات الأصابع، وشبكية العين، والأشكال البشرية للاستخدامات الطبية أو الصناعية.,http://data.europa.eu/esco/occupation/ac8b3cd1-a127-4e6a-8208-5cfcf7111955,عالم إحصاء / عالمة إحصاء
Occupation,http://data.europa.eu/esco/occupation/b2cede50-82bb-4684-9f11-1930e12ad672,مهندس طاقة / مهندسة طاقة,released,,يقوم مهندسو الطاقة بتصميم طرق جديدة وفعالة ونظيفة لإنتاج الطاقة وتحويلها وتوزيعها لتحسين الاستدامة البيئية وكفاءة الطاقة. فهم يستخلصون الطاقة من خلال الموارد الطبيعية مثل النفط أو الغاز أو المصادر المتجددة والمستدامة، مثل الرياح أو الطاقة الشمسية. ,http://data.europa.eu/esco/isco/C2149,
Occupation,http://data.europa.eu/esco/occupation/b3ebf55f-5e50-4262-946a-f08d7fbe29b2,محاضر متخصص في الرعاية الصحية / محاضرة متخصصة في الرعاية الصحي,released,,المحاضرون المتخصصون في الرعاية الصحية هم أساتذة أو معلمون أو محاضرون متخصصون، وغالبًا أطباء يُعلِّمون الطلاب الذين حصلوا على شهادة التعليم الثانوي العليا في مجال دراستهم المتخصص، الرعاية الصحية، والذي يكون في الغالب أكاديميًا في طبيعته. وهم يعملون مع مساعدي الأبحاث الجامعية ومساعدي التعليم الجامعي لإعداد المحاضرات والاختبارات، وتصحيح الأبحاث والاختبارات، وإجراء الممارسات المختبرية، وإجراء جلسات للمراجعة والملاحظات للطلاب. كما يقومون بإجراء أبحاث أكاديمية في مجال الرعاية الصحية، ونشر نتائجهم، والتواصل مع الزملاء الآخرين في الجامعات.,http://data.europa.eu/esco/occupation/684fd8d5-9b40-4b02-a680-438f0082d923,محاضر التعليم العالي / محاضرة التعليم العالي
Occupation,http://data.europa.eu/esco/occupation/b5d1912e-89c7-4a66-ab96-0dc5f4f6c426,عالم مناعة / عالمة مناعة,released,,يقوم علماء المناعة بالبحث في الجهاز المناعي للكائنات الحية (على سبيل المثال جسم الإنسان) وطريقة استجابته للعدوى الخارجية أو العوامل الغازية الضارة (مثل الفيروسات والبكتريا والطفيليات). وهم يُركزن دراستهم على هذه الأمراض التي تؤثر على مناعة الكائنات الحية من أجل تصنيفها للعلاج.,http://data.europa.eu/esco/isco/C2131,
Occupation,http://data.europa.eu/esco/occupation/b65133db-b3de-44d1-88fa-1d3deda08245,محاضر القانون / محاضرة القانون,released,,محاضرو القانون هم أساتذة أو معلمون أو محاضرون متخصصون يقومون بتعليم الطلاب الذين حصلوا على شهادة التعليم الثانوي العليا في مجال دراستهم المتخصص، القانون، والذي يكون في الغالب أكاديميًا في طبيعته. وهم يعملون مع مساعدي الأبحاث الجامعية ومساعدي التدريس الجامعي لإعداد المحاضرات والامتحانات وتصحيح الأبحاث والامتحانات وعقد جلسات للمراجعة والملاحظات للطلاب. كما يقومون بإجراء أبحاث أكاديمية في مجال القانون، ونشر نتائجهم، والتواصل مع الزملاء الآخرين في الجامعات.,http://data.europa.eu/esco/occupation/684fd8d5-9b40-4b02-a680-438f0082d923,محاضر التعليم العالي / محاضرة التعليم العالي
Occupation,http://data.europa.eu/esco/occupation/b73c752b-9858-4f53-82de-f3a340cbcae9,عالم أوبئة / عالمة أوبئة,released,,يُركّز علماء الأوبئة أبحاثهم حول منشأ انتشار المرض وأسبابه لدى البشر. وهم يُحدِّدون الطريقة التي تنتشر بها الأمراض ويقترحون تدابير وقائية للمخاطر على الكائنات الحية للسياسة الصحية.,http://data.europa.eu/esco/occupation/eee68e13-8248-43bb-a9fb-959832a6c217,عالم أحياء / عالمة أحياء
Occupation,http://data.europa.eu/esco/occupation/b79cfd33-6e46-4b71-b180-c9a84422f047,خبير زلازل / خبيرة زلازل,released,,يدرس خبراء الزلازل حركة الصفائح التكتونية في الأرض مما يتسبب في انتشار الموجات الزلزالية والزلازل. وهم يقومون بدراسة ومراقبة المصادر المختلفة التي تسبب الزلازل مثل النشاط البركاني أو الظواهر الجوية أو سلوك المحيطات. ويقدمون ملاحظاتهم العلمية لمنع المخاطر في الإنشاء والبنية التحتية.,http://data.europa.eu/esco/occupation/c6196b21-20f9-4608-83fb-6f143afc740d,أخصائي جيولوجي / أخصائية جيولوجية
Occupation,http://data.europa.eu/esco/occupation/bac64fa2-dcd6-47bb-8e5c-04e04a86a199,عالم جغرافي / عالمة جغرافية,released,,العلماء الجغرافيون هم الباحثون الذين يدرسون جوانب الجغرافيا البشرية والفيزيائية. وتبعًا لتخصصهم، فهُم يدرسون الجوانب السياسية والاقتصادية والثقافية للإنسانية المتضمنة في جغرافيا الإنسان. وعلاوة على ذلك، فإنهم يقومون بدراسة تكوينات الأراضي والتربة والجداول الطبيعية وتدفقات المياه الموجودة في الجغرافيا الطبيعية.,http://data.europa.eu/esco/isco/C2632,
Occupation,http://data.europa.eu/esco/occupation/bb609566-3ab6-44dd-8f48-cf0b15b96827,مهندس أتمتة / مهندسة أتمتة,released,,يتولى مهندسو الأتمتة البحث عن التطبيقات والأنظمة وتطويرها لأتمتة عملية الإنتاج. فهم يُطبّقون التكنولوجيا ويقلّلون، كلما أمكن، المدخلات البشرية للوصول إلى الإمكانات الكاملة للروبوتات الصناعية. يشرف مهندسو أتمتة على العملية ويتأكدون من أن جميع الأنظمة تعمل بأمان وسلاسة.,http://data.europa.eu/esco/occupation/d7380260-1386-4e36-98b5-8115ca4a3536,مهندس إنتاج / مهندسة إنتاج
Occupation,http://data.europa.eu/esco/occupation/bc659adc-f42c-4ef6-89fe-fd030033f446,عالم الكونيات / عالمة الكونيات,released,,يركّز علماء الكونيات على دراسة الكون ككل، والذي يتكون من نشأته، وتطوره، ومصيره النهائي. ويستخدمون الأدوات والأجهزة العلمية لمراقبة ودراسة المجرات الأخرى والأجسام الفلكية مثل النجوم والثقوب السوداء والكواكب وغيرها من الأجرام السماوية.,http://data.europa.eu/esco/isco/C2111,
Occupation,http://data.europa.eu/esco/occupation/be3c021d-bd93-45a0-ad32-e8fa8e0d17ef,محاضر اللغات الحديثة / محاضرة اللغات الحديثة,released,,محاضرو اللغات الحديثة هم أساتذة أو معلمون أو محاضرون متخصصون يقومون بتعليم الطلاب الذين حصلوا على شهادة التعليم الثانوي العليا في مجال دراستهم المتخصص، اللغات الحديثة، والذي يكون في الغالب أكاديميًا في طبيعته. وهم يعملون مع مساعدي الأبحاث الجامعية ومساعدي التدريس الجامعي في إعداد المحاضرات والامتحانات، وتصحيح الأبحاث والامتحانات وعقد جلسات للمراجعة والملاحظات للطلاب. كما يقومون بإجراء أبحاث أكاديمية في مجال اللغات الحديثة، ونشر نتائجهم، والتواصل مع الزملاء الآخرين في الجامعات.,http://data.europa.eu/esco/occupation/684fd8d5-9b40-4b02-a680-438f0082d923,محاضر التعليم العالي / محاضرة التعليم العالي
Occupation,http://data.europa.eu/esco/occupation/bfc92738-128b-44f5-92d4-51b10df17961,فيلسوف / فيلسوفة,released,,يدرس الفلاسفة المشكلات العامة والهيكلية المتعلقة بالمجتمع والبشر والأفراد ويتحاورون فيها. ويكون لديهم قدرات عقلانية وجدلية جيدة للمشاركة في مناقشة تتعلق بوجود أو منظومات قيم أو معرفة أو حقيقة. ويلجأون إلى المنطق في المناقشة مما يؤدي إلى مستويات من العمق والتجريد.,http://data.europa.eu/esco/isco/C2633,
Occupation,http://data.europa.eu/esco/occupation/bff7e8a3-6206-4d38-b25f-fcb6e634c7af,محاضر علم الآثار / محاضرة علم الآثار,released,,محاضرو علم الآثار هم أساتذة أو معلمون أو محاضرون متخصصون يقومون بتعليم الطلاب الذين حصلوا على شهادة التعليم الثانوي العليا في مجال دراستهم المتخصص، علم الآثار، والذي يكون في الغالب أكاديميًا في طبيعته. وهم يعملون مع مساعدي الأبحاث الجامعية ومساعدي التدريس الجامعي لإعداد المحاضرات والامتحانات وتصحيح الأبحاث والامتحانات وعقد جلسات للمراجعة والملاحظات للطلاب. كما يقومون بإجراء أبحاث أكاديمية في مجال علم الآثار، ونشر نتائجهم، والتواصل مع الزملاء الآخرين في الجامعات.,http://data.europa.eu/esco/occupation/684fd8d5-9b40-4b02-a680-438f0082d923,محاضر التعليم العالي / محاضرة التعليم العالي
Occupation,http://data.europa.eu/esco/occupation/c25b3700-6095-42b7-99fc-b87dc326c044,عالم زراعي / عالمة زراعية,released,,يبحث العلماء الزراعيون ويدرسون التربة والحيوانات والنباتات بهدف تحسين العمليات الزراعية وجودة المنتجات الزراعية أو تأثير العمليات الزراعية على البيئة. وهم يخططون لمشاريع مثل مشاريع التطوير نيابة عن العملاء أو المؤسسات وينفذونها.,http://data.europa.eu/esco/isco/C2132,
Occupation,http://data.europa.eu/esco/occupation/c262bb96-03bb-4c97-a45b-0cf36db5b048,مساعد محاضر / مساعدة محاضر,released,,يُشارك مساعدو المحاضرين أعباء العمل الأكاديمي لطلاب الجامعات أو الجامعات، وعلى وجه التحديد تقديم المحاضرات للطلاب. وهم يقومون بإعداد الدروس وتعليمها، والاجتماع مع الطلاب بشكل خاص فيما يتعلق بالتقييم. كما أنهم يجمعون بين إلقاء المحاضرات وواجبات أكاديمية أخرى مع إجراء الأبحاث الخاصة بهم في مجال دراستهم. يشغل مساعدو المحاضرين منصبًا مستقلاً بدوام كامل، على الرغم ممّا يوحي به عنصر التبعية في المسمى الوظيفي.,http://data.europa.eu/esco/occupation/684fd8d5-9b40-4b02-a680-438f0082d923,محاضر التعليم العالي / محاضرة التعليم العالي
Occupation,http://data.europa.eu/esco/occupation/c3b82711-273d-4fa8-8de7-0ac3d99c16fc,محاضر علوم الحاسوب / محاضرة علوم الحاسوب,released,,محاضرو علوم الحاسوب هم أساتذة أو معلمون أو محاضرون متخصصون يقومون بتوجيه الطلاب الذين حصلوا على شهادة التعليم الثانوي العليا في مجال دراستهم المتخصص، وهو علوم الحاسوب، والذي يكون في الغالب أكاديميًا في طبيعته. ويعملون مع مساعدي الأبحاث الجامعية ومساعدي التدريس الجامعي لإعداد المحاضرات والاختبارات وتصحيح الأبحاث والاختبارات وعقد جلسات للمراجعة والملاحظات للطلاب. كما يقومون بإجراء أبحاث أكاديمية في مجال تخصصهم وهو علوم الحاسوب ونشر نتائجهم والتواصل مع الزملاء الآخرين في الجامعات.,http://data.europa.eu/esco/occupation/684fd8d5-9b40-4b02-a680-438f0082d923,محاضر التعليم العالي / محاضرة التعليم العالي
Occupation,http://data.europa.eu/esco/occupation/c549f0de-c415-428e-865c-973bcd224b39,محاضر علم اللغة / محاضرة علم اللغة,released,,محاضرو علم اللغة هم أساتذة أو معلمون أو محاضرون متخصصون يقومون بتعليم الطلاب الذين حصلوا على شهادة التعليم الثانوي العليا في مجال دراستهم المتخصص، علم اللغة، والذي يكون في الغالب أكاديميًا في طبيعته. وهم يعملون مع مساعدي الأبحاث الجامعية ومساعدي التدريس الجامعي لإعداد المحاضرات والامتحانات وتصحيح الأبحاث والامتحانات وعقد جلسات للمراجعة والملاحظات للطلاب. كما يقومون بإجراء أبحاث أكاديمية في مجال علم اللغة، ونشر نتائجهم، والتواصل مع الزملاء الآخرين في الجامعات.,http://data.europa.eu/esco/occupation/684fd8d5-9b40-4b02-a680-438f0082d923,محاضر التعليم العالي / محاضرة التعليم العالي
Occupation,http://data.europa.eu/esco/occupation/c593ded7-2e97-44a5-a5f3-f6115ff98233,محاضر السياسة / محاضرة السياسة,released,,محاضرو السياسة هم أساتذة أو معلمون أو محاضرون متخصصون يقومون بتعليم الطلاب الذين حصلوا على شهادة التعليم الثانوي العليا في مجال دراستهم المتخصص، السياسة، والذي يكون في الغالب أكاديميًا في طبيعته. وهم يعملون مع مساعدي الأبحاث الجامعية ومساعدي التدريس الجامعي لإعداد المحاضرات والامتحانات وتصحيح الأبحاث والامتحانات وعقد جلسات للمراجعة والملاحظات للطلاب. كما يقومون بإجراء أبحاث أكاديمية في مجال الدراسات السياسية، ونشر نتائجهم والتواصل مع الزملاء الآخرين في الجامعات.,http://data.europa.eu/esco/occupation/684fd8d5-9b40-4b02-a680-438f0082d923,محاضر التعليم العالي / محاضرة التعليم العالي
Occupation,http://data.europa.eu/esco/occupation/c6196b21-20f9-4608-83fb-6f143afc740d,أخصائي جيولوجي / أخصائية جيولوجية,released,,يبحث الأخصائيون الجيولوجيون في المواد التي تشكل الأرض. وتعتمد ملاحظاتهم على الغرض من البحث. استنادًا إلى تخصصهم، يدرس الأخصائيون الجيولوجيون كيفية تشكيل الأرض بمرور الوقت، والطبقات الجيولوجية، وجودة المعادن لأغراض التعدين، والزلازل، والنشاط البركاني للخدمات الخاصة، وظواهر مماثلة.,http://data.europa.eu/esco/isco/C2114,
Occupation,http://data.europa.eu/esco/occupation/c8fa93eb-7c2c-42c3-b135-c2e825a6615e,مهندس اختبارات / مهندسة اختبارات,released,,يقوم مهندسو الاختبارات بالتخطيط اختبارات جودة مفصلة وتنفيذها خلال مراحل مختلفة من عملية التصميم للتأكد من أن الأنظمة مثبتة بشكل صحيح وتعمل بشكل صحيح. ويُحلّلون البيانات التي تم جمعها خلال الاختبارات وإعداد التقارير. كما أنهم مسؤولون عن سلامة عمليات الاختبار.,http://data.europa.eu/esco/isco/C2149,
Occupation,http://data.europa.eu/esco/occupation/c90a6ebe-adcc-4395-9f5b-ff3e96e93cef,محاضر الدراسات الدينية / محاضرة الدراسات الدينية,released,,محاضرون الدراسات الدينية هم أساتذة أو معلمون أو محاضرون متخصصون يقومون بتعليم الطلاب الذين حصلوا على شهادة التعليم الثانوي العليا في مجال دراستهم المتخصص، اللاهوت، والذي يكون في الغالب أكاديميًا في طبيعته. وهم يعملون مع مساعدي الأبحاث الجامعية ومساعدي التدريس الجامعي لإعداد المحاضرات والامتحانات وتصحيح الأبحاث والامتحانات وعقد جلسات للمراجعة والملاحظات للطلاب. كما يقومون بإجراء أبحاث أكاديمية في مجال اللاهوت، ونشر نتائجهم، والتواصل مع الزملاء الآخرين في الجامعات.,http://data.europa.eu/esco/occupation/684fd8d5-9b40-4b02-a680-438f0082d923,محاضر التعليم العالي / محاضرة التعليم العالي
Occupation,http://data.europa.eu/esco/occupation/d7d986e1-7333-431b-9719-0c5c6939e360,مهندس مدني / مهندسة مدنية,released,,يقوم المهندسون المدنيون بتصميم وتخطيط وتطوير المواصفات الفنية والهندسية لمشروعات البنية التحتية ومشروعات الإنشاء. وهم يُطبّقون المعارف الهندسية في مجموعة واسعة من المشاريع، بدءًا من إنشاء البنية التحتية للتنقل ومشروعات الإسكان والمباني الفاخرة، إلى إنشاء المواقع الطبيعية. ويقومون بتصميم الخطط التي تسعى إلى تحسين المواد وتكامل المواصفات وتخصيص الموارد في إطار القيود الزمنية.,http://data.europa.eu/esco/isco/C2142,
Occupation,http://data.europa.eu/esco/occupation/dab9c6dd-8efb-4fe2-8b10-477ef2bcfd8b,محاضر الرياضيات / محاضرة الرياضيات,released,,يتولى محاضرو التعليم العالي تعليم الطلاب الذين حصلوا على شهادة التعليم الثانوي العليا في مجال دراستهم المتخصص وهو الرياضيات، والذي يكون في الغالب أكاديميًا في طبيعته. وهم يعملون مع مساعدي الأبحاث الجامعية ومساعدي التدريس الجامعي لإعداد المحاضرات والامتحانات وتصحيح الأبحاث والامتحانات وعقد جلسات للمراجعة والملاحظات للطلاب. كما يقومون بإجراء أبحاث أكاديمية في مجال الرياضيات، ونشر نتائجهم، والتواصل مع الزملاء الآخرين في الجامعات.,http://data.europa.eu/esco/occupation/684fd8d5-9b40-4b02-a680-438f0082d923,محاضر التعليم العالي / محاضرة التعليم العالي
Occupation,http://data.europa.eu/esco/occupation/e14548c8-c2b9-4ef8-8670-d5967d7ad804,المخطط حضري / مخططة حضرية,released,مخطط المدينة الذكية,يضع المخططون الحضريون خطط تطوير للقرى والمناطق الحضرية والمدن والمناطق. وهم يقومون بإجراء أبحاث عن احتياجات المجتمع أو المنطقة (الاقتصادية والاجتماعية والنقل) ويُقيّمون المعلمات الأخرى مثل الاستدامة من أجل تقديم برامج قوية تهدف إلى تحسين الموقع.,http://data.europa.eu/esco/isco/C2164,
Occupation,http://data.europa.eu/esco/occupation/e3229e40-f571-4b26-baca-29edc8fe313e,عالم الحاسوب / عالمة الحاسوب,released,,يقوم علماء الحاسوب بإجراء الأبحاث في مجال علوم الكمبيوتر والمعلومات، حيث يتم توجيههم نحو معرفة أكبر للجوانب الأساسية لظاهرة تكنولوجيا المعلومات والاتصالات وفهمها. ويكتبون التقارير والمقترحات البحثية. كما يقوم علماء الحاسوب بتجديد وتصميم أساليب جديدة لتقنية الحوسبة، والبحث عن استخدامات مبتكرة للتكنولوجيا الحالية والدراسات وحل المشكلات المعقدة في الحوسبة.,http://data.europa.eu/esco/isco/C2511,
Occupation,http://data.europa.eu/esco/occupation/e3cc09ba-7ad5-4411-940c-20613000863a,عالم الحفظ / عالمة الحفظ,released,,يتولى علماء الحفظ إدارة جودة الغابات والمتنزهات والموارد الطبيعية الأخرى. فهم يحمون موائل الحياة البرية، والتنوع البيولوجي، والقيمة الخلابة، وغيرها من السمات الفريدة للمحميات والأراضي المحمية. ويقوم علماء حفظ البيئة بعمل ميداني.,http://data.europa.eu/esco/isco/C2133,
Occupation,http://data.europa.eu/esco/occupation/e74513c3-8ba8-462f-978c-0450522f4427,محاضر الكيمياء / محاضرة الكيمياء,released,,محاضرو الكيمياء هم أساتذة أو معلمون أو محاضرون متخصصون يقومون بتعليم الطلاب الذين حصلوا على شهادة التعليم الثانوي العليا في مجال دراستهم المتخصص، الكيمياء، والذي يكون في الغالب أكاديميًا في طبيعته. وهم يعملون مع مساعدي الأبحاث الجامعية ومساعدي التدريس الجامعي لإعداد المحاضرات والاختبارات وإجراء الممارسات المختبرية وتصحيح الأبحاث وعقد جلسات للمراجعة والملاحظات للطلاب. كما يقومون بإجراء أبحاث أكاديمية في مجال تخصصهم وهو الكيمياء ونشر نتائجهم والتواصل مع الزملاء الآخرين في الجامعات.,http://data.europa.eu/esco/occupation/684fd8d5-9b40-4b02-a680-438f0082d923,محاضر التعليم العالي / محاضرة التعليم العالي
Occupation,http://data.europa.eu/esco/occupation/e9f50268-4dab-4579-90c2-2ff219eb56f1,محاضر هندسي / محاضرة هندسية,released,,المحاضرون الهندسيون هم أساتذة أو معلمون أو محاضرون متخصصون يقومون بتعليم الطلاب الذين حصلوا على شهادة التعليم الثانوي العليا في مجال دراستهم المتخصص، الهندسة، والذي يكون في الغالب أكاديميًا في طبيعته. وهم يعملون مع مساعدي الأبحاث الجامعية ومساعدي التدريس الجامعي لإعداد المحاضرات والاختبارات وإجراء الممارسات المختبرية وتصحيح الأبحاث والاختبارات وعقد جلسات للمراجعة والملاحظات للطلاب. كما يقومون بإجراء أبحاث أكاديمية في مجال تخصصهم وهو الهندسة ونشر نتائجهم والتواصل مع الزملاء الآخرين في الجامعات.,http://data.europa.eu/esco/occupation/684fd8d5-9b40-4b02-a680-438f0082d923,محاضر التعليم العالي / محاضرة التعليم العالي
Occupation,http://data.europa.eu/esco/occupation/eee68e13-8248-43bb-a9fb-959832a6c217,عالم أحياء / عالمة أحياء,released,,يدرس علماء الأحياء الكائنات الحية والحياة في نطاق أوسع مع بيئتها. ويسعون من خلال إجراء الأبحاث إلى شرح الآليات الوظيفية والتفاعلات وتطور الكائنات الحية.,http://data.europa.eu/esco/isco/C2131,
Occupation,http://data.europa.eu/esco/occupation/f3d8bc61-f812-4106-afd2-a356e4c11fce,باحث أدبي / باحثة أدبية,released,,يقوم الباحثون الأدبيون بإجراء أبحاث عن الأعمال الأدبية وتاريخ الأدب والأنواع والنقد الأدبي من أجل تقييم الأعمال والجوانب المحيطة في سياق مناسب وتقديم نتائج بحثية حول موضوعات محددة في مجال الأدب.,http://data.europa.eu/esco/isco/C2641,
Occupation,http://data.europa.eu/esco/occupation/f3e23761-0663-4ae0-97a2-0b2dd3fa38a1,مهندس الكيمياء الحيوية / مهندسة الكيمياء الحيوية,released,,يُجري مهندسو الكيمياء الحيوية أبحاثًا في مجال علوم الحياة بحثًا عن اكتشافات جديدة. ويحوّلون هذه النتائج إلى حلول كيميائية يمكنها تحسين رفاهية المجتمع مثل اللقاحات، وإصلاح الأنسجة، وتحسين المحاصيل، والتطورات في مجال التكنولوجيا الخضراء مثل الوقود النظيف من الموارد الطبيعية.,http://data.europa.eu/esco/occupation/ec21ce88-ce14-49b6-be0a-cc53cf5a3a67,مهندس كيميائي / مهندسة كيميائية
Occupation,http://data.europa.eu/esco/occupation/fa5b9075-3796-4e86-be0a-b5e6d725c25a,عالم القياس / عالمة القياس,released,,يدرس علماء القياس علم القياس ويمارسونه. وهم يقومون بتطوير أنظمة الكميات ووحدات القياس وطرق القياس المستخدمة في العلوم. ويضع علماء المقاييس أساليب وأدوات جديدة لتحديد المعلومات وفهمها بشكل أفضل.,http://data.europa.eu/esco/isco/C2112,
Occupation,http://data.europa.eu/esco/occupation/fbc9ab3e-18f1-4b7b-8cd5-d6374ed5e9a9,محاضر اللغات الكلاسيكية / محاضرة اللغات الكلاسيكية,released,,محاضرو اللغات الكلاسيكية هم أساتذة أو معلمون أو محاضرون متخصصون يقومون بتعليم الطلاب الذين حصلوا على شهادة التعليم الثانوي العليا في مجال دراستهم المتخصص، اللغات الكلاسيكية، والذي يكون في الغالب أكاديميًا في طبيعته. وهم يعملون مع مساعدي الأبحاث الجامعية ومساعدي التدريس الجامعي في إعداد المحاضرات والامتحانات، وتصحيح الأبحاث والامتحانات وعقد جلسات للمراجعة والملاحظات للطلاب. كما يقومون بإجراء أبحاث أكاديمية في مجال اللغات الكلاسيكية، ونشر نتائجهم، والتواصل مع الزملاء الآخرين في الجامعات.,http://data.europa.eu/esco/occupation/684fd8d5-9b40-4b02-a680-438f0082d923,محاضر التعليم العالي / محاضرة التعليم العالي
Occupation,http://data.europa.eu/esco/occupation/ff656b3a-65a8-4b4f-b04e-9db12936519b,عالم في إحصاء السكان / عالمة في إحصاء السكان,released,,يدرس العلماء في إحصاء السكان مجموعة متنوعة من المعلمات المتعلقة بالسكان. ويضعون، استنادًا إلى ملاحظاتهم، تحليلات إحصائية بشأن تطورات وتغيرات الولادات وكبار السن والزواج والطلاق والتوظيف والوفيات والهجرة والمسائل ذات الصلة.,http://data.europa.eu/esco/isco/C2120,
